"filename", "language", "Log", "JSON", "Rust", "TOML", "JSON with Comments", "TypeScript", "PostCSS", "TypeScript JSX", "HTML", "Markdown", "comment", "blank", "total"
"c:\wtl\WTL\Project\Snapline\Cargo.lock", "TOML", 0, 0, 0, 4785, 0, 0, 0, 0, 0, 0, 2, 512, 5299
"c:\wtl\WTL\Project\Snapline\Cargo.toml", "TOML", 0, 0, 0, 22, 0, 0, 0, 0, 0, 0, 0, 3, 25
"c:\wtl\WTL\Project\Snapline\apps\desktop-tauri\index.html", "HTML", 0, 0, 0, 0, 0, 0, 0, 0, 12, 0, 0, 1, 13
"c:\wtl\WTL\Project\Snapline\apps\desktop-tauri\package.json", "JSON", 0, 32, 0, 0, 0, 0, 0, 0, 0, 0, 0, 1, 33
"c:\wtl\WTL\Project\Snapline\apps\desktop-tauri\src-tauri\Cargo.toml", "TOML", 0, 0, 0, 18, 0, 0, 0, 0, 0, 0, 0, 4, 22
"c:\wtl\WTL\Project\Snapline\apps\desktop-tauri\src-tauri\build.rs", "Rust", 0, 0, 3, 0, 0, 0, 0, 0, 0, 0, 0, 1, 4
"c:\wtl\WTL\Project\Snapline\apps\desktop-tauri\src-tauri\capabilities\main.json", "JSON", 0, 16, 0, 0, 0, 0, 0, 0, 0, 0, 0, 1, 17
"c:\wtl\WTL\Project\Snapline\apps\desktop-tauri\src-tauri\gen\schemas\acl-manifests.json", "JSON", 0, 1, 0, 0, 0, 0, 0, 0, 0, 0, 0, 0, 1
"c:\wtl\WTL\Project\Snapline\apps\desktop-tauri\src-tauri\gen\schemas\capabilities.json", "JSON", 0, 1, 0, 0, 0, 0, 0, 0, 0, 0, 0, 0, 1
"c:\wtl\WTL\Project\Snapline\apps\desktop-tauri\src-tauri\gen\schemas\desktop-schema.json", "JSON", 0, 2310, 0, 0, 0, 0, 0, 0, 0, 0, 0, 0, 2310
"c:\wtl\WTL\Project\Snapline\apps\desktop-tauri\src-tauri\gen\schemas\windows-schema.json", "JSON", 0, 2310, 0, 0, 0, 0, 0, 0, 0, 0, 0, 0, 2310
"c:\wtl\WTL\Project\Snapline\apps\desktop-tauri\src-tauri\src\main.rs", "Rust", 0, 0, 226, 0, 0, 0, 0, 0, 0, 0, 0, 23, 249
"c:\wtl\WTL\Project\Snapline\apps\desktop-tauri\src-tauri\tauri.conf.json", "JSON", 0, 37, 0, 0, 0, 0, 0, 0, 0, 0, 0, 1, 38
"c:\wtl\WTL\Project\Snapline\apps\desktop-tauri\src\EditorPane.tsx", "TypeScript JSX", 0, 0, 0, 0, 0, 0, 0, 157, 0, 0, 0, 28, 185
"c:\wtl\WTL\Project\Snapline\apps\desktop-tauri\src\api.ts", "TypeScript", 0, 0, 0, 0, 0, 15, 0, 0, 0, 0, 0, 2, 17
"c:\wtl\WTL\Project\Snapline\apps\desktop-tauri\src\main.tsx", "TypeScript JSX", 0, 0, 0, 0, 0, 0, 0, 4, 0, 0, 0, 2, 6
"c:\wtl\WTL\Project\Snapline\apps\desktop-tauri\src\markdown.test.ts", "TypeScript", 0, 0, 0, 0, 0, 88, 0, 0, 0, 0, 0, 13, 101
"c:\wtl\WTL\Project\Snapline\apps\desktop-tauri\src\markdown.ts", "TypeScript", 0, 0, 0, 0, 0, 127, 0, 0, 0, 0, 0, 30, 157
"c:\wtl\WTL\Project\Snapline\apps\desktop-tauri\src\session.test.ts", "TypeScript", 0, 0, 0, 0, 0, 62, 0, 0, 0, 0, 0, 11, 73
"c:\wtl\WTL\Project\Snapline\apps\desktop-tauri\src\session.ts", "TypeScript", 0, 0, 0, 0, 0, 82, 0, 0, 0, 0, 0, 16, 98
"c:\wtl\WTL\Project\Snapline\apps\desktop-tauri\src\styles.css", "PostCSS", 0, 0, 0, 0, 0, 0, 345, 0, 0, 0, 0, 56, 401
"c:\wtl\WTL\Project\Snapline\apps\desktop-tauri\src\types.ts", "TypeScript", 0, 0, 0, 0, 0, 37, 0, 0, 0, 0, 0, 8, 45
"c:\wtl\WTL\Project\Snapline\apps\desktop-tauri\src\window.ts", "TypeScript", 0, 0, 0, 0, 0, 49, 0, 0, 0, 0, 0, 11, 60
"c:\wtl\WTL\Project\Snapline\apps\desktop-tauri\tsconfig.json", "JSON with Comments", 0, 0, 0, 0, 20, 0, 0, 0, 0, 0, 0, 1, 21
"c:\wtl\WTL\Project\Snapline\apps\desktop-tauri\vite.config.ts", "TypeScript", 0, 0, 0, 0, 0, 16, 0, 0, 0, 0, 0, 2, 18
"c:\wtl\WTL\Project\Snapline\cargo-err.log", "Log", 5, 0, 0, 0, 0, 0, 0, 0, 0, 0, 0, 1, 6
"c:\wtl\WTL\Project\Snapline\cargo-out.log", "Log", 0, 0, 0, 0, 0, 0, 0, 0, 0, 0, 0, 1, 1
"c:\wtl\WTL\Project\Snapline\crates\app-core\Cargo.toml", "TOML", 0, 0, 0, 15, 0, 0, 0, 0, 0, 0, 0, 3, 18
"c:\wtl\WTL\Project\Snapline\crates\app-core\src\lib.rs", "Rust", 0, 0, 147, 0, 0, 0, 0, 0, 0, 0, 0, 32, 179
"c:\wtl\WTL\Project\Snapline\crates\domain\Cargo.toml", "TOML", 0, 0, 0, 9, 0, 0, 0, 0, 0, 0, 0, 2, 11
"c:\wtl\WTL\Project\Snapline\crates\domain\src\asset.rs", "Rust", 0, 0, 20, 0, 0, 0, 0, 0, 0, 0, 0, 5, 25
"c:\wtl\WTL\Project\Snapline\crates\domain\src\lib.rs", "Rust", 0, 0, 4, 0, 0, 0, 0, 0, 0, 0, 0, 2, 6
"c:\wtl\WTL\Project\Snapline\crates\domain\src\note.rs", "Rust", 0, 0, 96, 0, 0, 0, 0, 0, 0, 0, 0, 15, 111
"c:\wtl\WTL\Project\Snapline\crates\platform\Cargo.toml", "TOML", 0, 0, 0, 9, 0, 0, 0, 0, 0, 0, 0, 2, 11
"c:\wtl\WTL\Project\Snapline\crates\platform\src\lib.rs", "Rust", 0, 0, 55, 0, 0, 0, 0, 0, 0, 0, 0, 12, 67
"c:\wtl\WTL\Project\Snapline\crates\storage\Cargo.toml", "TOML", 0, 0, 0, 13, 0, 0, 0, 0, 0, 0, 0, 3, 16
"c:\wtl\WTL\Project\Snapline\crates\storage\src\lib.rs", "Rust", 0, 0, 2, 0, 0, 0, 0, 0, 0, 0, 0, 2, 4
"c:\wtl\WTL\Project\Snapline\crates\storage\src\repository.rs", "Rust", 0, 0, 313, 0, 0, 0, 0, 0, 0, 0, 0, 45, 358
"c:\wtl\WTL\Project\Snapline\docs\superpowers\plans\2026-04-29-snapline-compact-notes.md", "Markdown", 0, 0, 0, 0, 0, 0, 0, 0, 0, 193, 0, 65, 258
"c:\wtl\WTL\Project\Snapline\docs\superpowers\plans\2026-04-29-snapline-m1-local-mvp.md", "Markdown", 0, 0, 0, 0, 0, 0, 0, 0, 0, 1234, 0, 296, 1530
"c:\wtl\WTL\Project\Snapline\docs\superpowers\specs\2026-04-29-snapline-design.md", "Markdown", 0, 0, 0, 0, 0, 0, 0, 0, 0, 281, 0, 122, 403
"c:\wtl\WTL\Project\Snapline\vite-err.log", "Log", 0, 0, 0, 0, 0, 0, 0, 0, 0, 0, 0, 1, 1
"c:\wtl\WTL\Project\Snapline\vite-out.log", "Log", 13, 0, 0, 0, 0, 0, 0, 0, 0, 0, 0, 5, 18
"Total", "-", 18, 4707, 866, 4871, 20, 476, 345, 161, 12, 1708, 2, 1341, 14527